age,income,bmi,smoking,alcohol,exercise_freq,medical_history_score,dependents,owns_house,property_value_norm,vehicles_total,driving_score,employment_score,family_risk_score,risk_score
56,4952258.480500463,24.85788549150206,1,1,0,0,0,0,0.7524683375864943,0,1,2,1,52.869889264690904
69,872403.2731353154,23.466761075918246,0,0,2,0,0,0,0.051293848981215584,0,1,1,1,28.586869405171555
46,2687982.3313459363,34.36681843659889,0,0,1,0,3,0,0.49253538071428926,2,1,1,0,38.70861013647957
32,4411390.745254186,18.737713564187146,0,0,0,0,2,1,0.44210703467972,0,2,3,0,8.753576032954605
60,3755689.365220181,30.537573067168964,0,0,1,0,0,0,0.33440117898874866,1,1,2,1,41.84000811516357
25,3545675.5567772863,34.77409108629519,0,1,0,0,1,0,0.3945723153189238,3,1,1,0,42.36908190317
78,3571923.6031381246,37.28884400875849,0,0,2,1,3,1,0.5299405869302329,3,0,3,0,44.7999648463945
38,1925557.5258548248,25.525798471749965,0,0,1,0,0,0,0.16136735838838312,0,0,3,0,19.03135425350724
56,1609240.8524695681,36.06766070278428,0,0,0,0,4,1,0.5719958782835928,0,1,0,0,35.30885358001735
75,4084933.546296865,20.433898213014558,0,0,0,0,1,0,0.8054323292999863,0,1,3,0,33.282949994042475
36,4088544.2944600675,36.6219504181594,1,1,2,1,0,0,0.760160929790159,2,0,1,0,69.1381935596958
40,4361947.1291844975,20.804750571303614,1,1,2,0,1,1,0.15389990469377368,3,0,0,0,46.647847836360214
28,4583554.652271062,26.74032039232808,0,1,2,0,1,0,0.1492494697414739,0,0,0,1,29.914172977797133
28,2654443.5145325013,35.54049804715018,0,1,1,0,2,0,0.2681743677449133,1,2,1,0,37.68858078506514
41,2607278.214498558,21.298183401673022,0,0,0,0,1,0,0.3610747263410372,0,2,2,0,22.81259174135412
70,4031816.8590405206,23.043530695118115,0,1,2,0,2,1,0.4084555814084826,3,0,3,0,29.014512566346585
53,3319826.8677332727,33.88955650464746,1,0,1,0,3,0,0.6796972168333453,0,1,0,0,58.93454309980845
57,3569441.010836976,33.84080380401363,0,0,1,0,2,1,0.056680432165835404,3,0,2,0,42.16244641217771
41,4019804.813293285,32.10524792347654,0,1,1,0,4,1,0.034672704226066386,0,2,1,0,28.168402410670698
20,4472025.640724318,33.2668657782762,0,0,2,0,0,1,0.391910562943909,1,1,3,0,10.098378855416536
39,1822376.752887372,29.939937753647115,0,1,2,1,3,0,0.6971636921379805,0,2,3,1,31.152596134338943
70,2002798.1726717313,23.53957929595296,0,0,0,0,3,0,0.19343534295648257,1,1,0,0,35.8436534282825
19,651113.3112361713,25.605311857086228,0,0,0,0,4,0,0.6415044812562517,1,2,3,0,12.710796505679175
41,2975744.6767816353,21.995149769631364,0,1,2,0,2,0,0.25982813794029946,0,1,3,0,15.36749497749497
61,372522.914224362,37.98591234933983,0,1,1,1,0,1,0.8860861088135163,1,1,3,1,50.32363232403392
47,2434870.4870358086,30.83461948485465,0,0,1,0,2,1,0.8956899442666165,2,1,3,0,16.195459334371858
55,2804694.2465963676,26.818731168800078,0,0,1,1,1,1,0.2972872042813265,0,1,1,0,26.57208639691038
19,1575398.010215765,28.16412768017092,0,0,0,0,2,1,0.2299937539632405,0,2,2,0,9.553373919703576
77,3035999.6507312516,38.84023347145994,0,0,1,0,3,1,0.41130397206623126,1,2,1,0,45.288436888306954
38,346401.19970743725,21.373730868553764,0,0,0,0,0,1,0.24053158518014872,1,1,1,0,23.543293961615948
50,379271.3059962292,30.89705630436954,0,1,0,1,2,1,0.6723838432917036,0,1,0,0,51.83516455735506
29,4148482.6911663595,29.12955093545825,0,0,1,0,0,1,0.8260646845482855,2,2,3,1,20.62711465215042
75,1928915.078774062,31.45199317956225,0,1,1,1,0,1,0.673092130911217,1,1,1,1,55.55962839647268
39,809890.460729047,18.39842404405849,1,0,2,1,1,1,0.8243504472493495,1,1,3,0,33.26117364272119
78,2706767.648263061,37.18672599677133,0,0,2,0,1,0,0.39699216220747413,3,1,1,1,48.13209520938475
61,3895969.054873332,38.50660221463947,0,1,1,0,3,0,0.15631697070886086,2,0,1,0,65.4546077158606
42,1235940.9319848474,30.432930038962596,0,0,0,1,4,0,0.7379509473975921,2,1,0,0,42.448139759914355
66,3189874.2839312013,33.32631812529163,0,0,0,0,0,1,0.3604745051415539,0,0,2,0,40.26651810318393
44,609667.8319700863,38.2949863859005,0,0,0,0,4,1,0.6712708252291325,2,1,2,0,42.48517967726213
76,448072.2616093169,33.55924995489477,0,1,0,0,3,0,0.27064394198176567,0,2,1,1,56.458050255999076
59,2750502.2315271106,21.35585894411375,1,1,0,0,0,1,0.08122963480667267,3,0,0,0,59.07964363824271
45,2795048.5837285114,30.67834392366989,0,0,2,1,0,1,0.9925817954877634,2,0,3,0,27.634400696933504
77,3259663.5271913917,31.347731020422827,0,0,1,0,4,1,0.15620150793059928,1,1,3,0,27.52145813603674
33,3685238.4018687755,27.330874768652492,0,0,2,0,2,1,0.988420993963481,3,1,1,0,9.775312804118911
32,4884089.981420166,34.2017731837439,1,1,0,0,1,1,0.9772799325664473,0,0,2,0,55.16343478747252
79,2678241.6718457374,38.55607432491833,0,1,0,0,2,1,0.7938181039080396,3,2,0,0,57.09682760494208
79,1750191.0701179807,38.36250728394908,1,0,0,1,4,0,0.6594229620819976,0,2,2,0,78.75693787958427
64,4016893.734889778,27.918466170890905,0,0,0,0,1,1,0.5778070502510847,3,1,3,1,38.16285715782378
79,1499994.8060579563,20.491237008496615,1,0,1,0,2,1,0.8661015453778347,0,2,2,1,42.86560780085643
68,2307062.819387053,39.66650637717136,0,1,0,0,1,0,0.28943952161948794,2,2,3,0,50.10900952312215
61,576590.6304428766,36.45575790181055,1,1,1,0,0,1,0.46768121248487704,1,1,0,1,69.50737376131535
72,321683.56839419605,20.74257898647187,0,0,0,1,2,1,0.6193899693665019,0,2,0,0,36.57650473633688
69,4820712.39045404,38.25852141758219,1,0,1,0,1,0,0.4111904758694911,3,1,1,0,69.88838213667105
74,4212704.578458589,37.13771996536683,0,0,2,0,1,1,0.427486454090268,0,0,1,0,47.371807041768065
20,3540676.18924975,29.41443725677359,0,1,0,0,1,1,0.3302846675020844,0,1,2,0,19.038300086737596
54,2162974.1331884954,31.00805958638844,0,0,1,1,2,1,0.564231816684536,0,0,0,0,41.735104029073035
68,1031812.7363400597,26.778059485142865,0,1,2,0,3,1,0.850574528015116,3,0,0,0,43.35922498338033
24,950897.804821213,19.20475605408469,0,0,0,0,2,1,0.20152837800631285,1,2,1,0,12.599436632856701
38,1401165.9111900576,25.37433931620982,0,0,0,0,4,0,0.9344330387534414,2,2,3,0,26.17137454188526
26,2836287.9905893784,35.66277586915625,0,0,0,1,2,1,0.6890876537482297,1,2,2,0,35.30916765503485
56,3630060.428960299,18.101904506101263,0,0,1,0,1,1,0.8232732126800302,0,1,2,0,14.924438339321503
35,3368947.40824511,25.33698177720517,1,0,1,0,0,1,0.5561906926300116,3,2,1,0,35.72065294174613
21,1543682.7053405256,26.759711259000753,0,1,2,0,2,1,0.7795167014240635,1,0,0,0,19.5932185740497
42,4783353.347183332,29.822703264634303,1,0,1,0,2,0,0.01620039733946721,0,2,1,0,38.20061066014479
77,3741905.200139689,38.236823561080726,0,0,1,0,1,1,0.8183804247795352,2,2,1,0,42.423396354458546
31,2860899.452054723,25.619611876051145,0,0,0,1,0,1,0.04013885908536652,2,1,1,0,36.0985788988685
67,3136259.5819248906,25.63297044171701,1,1,0,0,0,1,0.8899133763628625,2,1,1,1,64.84134468919927
75,2214080.2996533914,34.22502745841446,0,1,0,0,4,1,0.9919627472386433,0,0,3,0,46.479722524108325
26,1389108.7496055558,27.948794699575757,0,0,0,0,2,1,0.2940674621767778,3,1,3,0,23.463298418700482
43,1908668.8575260555,22.941306104679605,0,1,0,0,0,0,0.21031855628579366,1,2,0,0,34.974474841663316
70,3837661.330228972,27.953669354919256,0,0,0,0,0,1,0.7653633638580407,2,1,1,1,36.864831123401956
19,269088.7454228282,21.098854448355596,0,0,0,1,3,1,0.2530263409202532,0,0,3,0,20.11944952324676
37,757148.674433198,21.880513703136913,1,1,2,0,3,1,0.8655623831722035,0,2,0,0,32.80736161607414
45,420812.6817044132,28.964091000268553,1,1,2,0,0,0,0.10284259215747671,1,0,1,1,59.30367054802611
64,395498.2511310567,27.216359889100055,0,1,2,0,4,1,0.12595519637935826,2,1,2,0,25.593749864511683
77,4306210.803252835,38.1266098234982,0,0,2,0,0,0,0.9791515551006156,0,1,3,0,33.20127348555476
24,3577557.7250241134,25.97266578056593,0,0,0,0,1,0,0.6738388982700046,1,0,0,0,31.185011109531885
61,2476034.379619161,30.772943706116955,0,1,2,0,2,0,0.8468872244289528,3,2,2,0,31.645834431362132
78,669603.9711248071,31.90981433422967,0,0,0,1,4,1,0.324329377351518,3,1,1,0,53.39774032274106
25,2559756.200560795,18.28807804494334,0,0,2,0,1,1,0.6764837495206044,3,1,1,0,12.176481708435494
64,2472664.499746715,32.59782218436763,0,0,1,0,4,0,0.5942418273085972,2,2,1,0,35.78520996634333
52,1031368.9755680729,21.91679127113453,1,0,2,1,1,0,0.603150120122947,1,1,3,0,45.45273097141127
31,2282487.9163422706,39.14354698432801,0,0,2,0,2,0,0.6825324595377216,1,0,0,0,44.929436805211296
34,2112822.7251073923,21.270580010568484,0,1,0,0,2,1,0.5753591731290986,0,1,2,0,25.65164297183286
53,3156080.470650639,27.121730721994524,0,0,2,0,3,1,0.42906236930266595,0,1,0,0,13.361288205773972
67,3248449.52416469,19.877692697730165,0,0,1,0,1,1,0.27592269438054684,0,2,3,1,15.532105350792664
57,417459.2469058137,39.93123354061084,0,0,0,0,3,0,0.768581330913202,1,0,0,0,57.30287177260423
21,1998140.550207062,29.04829022728734,1,1,0,0,1,1,0.2262724300031862,0,2,3,1,30.7728552353445
19,3204127.5954283345,31.09847038104096,0,0,2,0,3,1,0.6923543061544142,1,1,1,0,10.514597588652034
79,2615054.041184421,19.475682502545403,1,0,0,0,2,0,0.23333282264932664,1,1,2,0,53.934280123069804
23,4311151.237703947,34.49913034878191,0,1,0,0,4,1,0.6253301699544539,3,2,1,0,33.50306009402204
71,3361729.431770936,22.617923048102888,0,1,0,0,3,0,0.7470782671290289,0,2,0,0,40.33460070923567
59,982085.2499908626,37.7571943676957,0,1,0,0,1,1,0.2187138889065392,3,2,1,0,44.48531979612703
21,538729.9875220633,22.513072090604158,0,1,0,0,1,1,0.05994330086130828,2,0,2,0,24.458870597132652
71,3283612.535390315,22.195129854600665,1,0,0,0,2,1,0.13097374299417408,2,1,1,1,56.907639002906315
46,327254.2905997847,18.804092692658088,1,1,1,1,1,0,0.6059969672710255,2,2,2,0,51.84080588569948
35,3011722.790112624,28.385472792419982,0,0,2,0,0,1,0.8494464062257355,1,1,2,0,14.350141661495506
43,4713105.158839797,30.42650493177756,0,1,1,0,4,1,0.04499682123542437,1,0,1,0,36.9661033661232
61,2962276.053804219,19.44559006742375,0,1,0,1,3,0,0.7341512590416462,1,0,3,1,48.67157212498334
51,2063215.6457913052,35.06160756729023,1,1,0,0,4,1,0.3413186459500521,0,0,0,0,67.85440461304876
27,3287783.448523295,27.972354364456606,0,1,2,0,2,1,0.4785283699195225,3,0,3,0,17.466852858567783
79,2399613.87435928,29.53658592520676,0,0,1,0,3,1,0.9288595498455656,1,1,3,0,28.062989834138968
53,2818960.588716488,27.69678043264102,0,0,2,1,3,1,0.33197150473584547,3,0,1,0,31.913666631370397
31,4719031.082127321,26.81678733925717,0,1,1,0,0,0,0.46533693393948605,3,0,0,0,43.74184253621364
48,2053292.6614437164,30.312087288780795,0,1,0,0,2,1,0.013682414760681105,3,2,0,0,39.680527544414026
65,4813714.7063547885,21.415285410475676,0,0,2,1,1,1,0.08159872000483837,0,0,3,0,28.755773784912254
32,4545683.081389106,22.002418870895966,1,0,2,0,0,1,0.258591591134784,0,2,1,0,23.845984274753782
25,1139797.446988623,36.95928366229738,0,0,0,0,0,0,0.027852240821074403,2,0,0,0,43.30849134813193
31,532934.2442007943,38.81454016693992,0,1,2,0,4,1,0.631375326048251,2,0,3,0,33.88187459633399
40,683734.4066116479,26.212804958154564,1,1,1,0,4,1,0.4263983568016225,3,2,0,1,53.694239010136855
77,287464.7631274387,23.956382809158182,0,0,1,0,4,1,0.548145202728022,2,0,1,0,34.78967683358995
74,653326.2116284564,32.16798995125835,1,0,1,0,0,1,0.17464718589632955,3,1,1,0,59.097705350874975
79,3478432.512398513,26.992151764158123,0,1,1,0,1,1,0.2959320294366161,0,1,1,0,33.88475288356944
57,541705.5126090992,18.558499824527587,0,1,0,1,3,1,0.6638244748527251,0,0,0,0,47.19641290590939
38,1731083.0254100543,21.435357142056187,1,0,2,0,4,0,0.9653027236303998,0,1,2,1,35.351592755208564
33,4255401.492653382,33.75138903464274,0,0,1,0,1,1,0.0504167736022092,1,2,0,0,23.086403585097244
62,311705.29153196415,32.496326722023326,0,0,0,0,2,0,0.8903843208552661,3,0,2,0,44.27840831970937
35,4109448.7164268917,18.596111835076638,0,0,2,0,4,0,0.5768812013112085,0,0,1,0,23.65188199833278
64,1552902.9189123197,22.883387562524888,0,0,2,0,3,1,0.5639195667556237,3,2,3,1,20.616482023938968
70,767191.17258395,23.08364552493757,0,1,0,0,2,1,0.5002785352077603,2,2,2,0,30.809367578514465
41,3544338.393747923,32.78164035917202,0,1,0,0,2,1,0.06939408590418339,2,2,1,0,37.516597459638646
43,3218925.6645434434,18.43363183059601,1,0,1,0,3,0,0.08987685173616067,0,0,1,1,41.98568532930804
42,4411865.664929854,20.290388803660626,0,1,2,0,4,1,0.6009120056590861,3,2,2,0,8.691716104358576
77,3728341.010258652,35.59815387821017,0,0,2,0,0,1,0.3409585714355583,0,2,3,0,29.154317003763403
77,4056708.4658472734,21.92798256519534,0,0,0,0,3,1,0.9172680665776807,2,1,1,0,37.01820456104617
77,1553765.9483422711,32.360414372741246,1,0,2,0,3,0,0.40659053735947226,0,1,2,0,50.74168736935103
62,1051709.8101426694,23.240021183027984,0,0,1,0,3,0,0.14328145870264108,3,0,3,0,32.53062881925181
58,3802950.80787612,20.187710640705593,1,1,2,0,2,1,0.714718833502036,2,1,3,0,51.304526635678805
46,4072806.748482867,23.34978820198799,0,1,0,0,1,0,0.29335342144100984,1,1,1,1,43.27638114498129
32,4954424.6816032315,33.8898725008245,0,0,0,1,0,1,0.5254703073558932,2,2,0,0,36.086085935490175
62,2180564.849174847,36.825322298338286,0,0,1,0,4,1,0.69783278550517,1,2,0,0,31.068881190324646
18,1985686.8118053593,36.26483702047382,0,1,1,0,4,0,0.9002641112020704,0,1,1,0,38.135947478006244
42,3926782.211561585,26.738037651606007,0,0,2,0,1,1,0.7921911948016761,0,1,3,0,11.110028598847235
24,1835856.9932144857,32.69787300455422,0,0,2,0,3,1,0.6763610678727241,3,1,1,0,23.737690675666823
26,4667635.162897111,22.509654499148063,1,1,0,0,0,1,0.6796331823951436,1,0,2,0,40.54848387640242
41,4320381.208846457,24.44925006574229,0,0,1,0,4,0,0.9459246440320865,0,0,0,0,29.753141559535898
18,2259171.331400088,37.71938800746463,0,0,1,0,4,0,0.29582409749653604,1,0,2,0,29.76988493398369
61,3804181.125399187,18.28604231723619,0,0,1,1,3,0,0.0011120941961874076,0,1,1,1,41.95112754408384
25,3821805.7956064753,19.881187678798298,0,1,2,0,1,0,0.2719545593981987,2,1,1,1,29.430627629089365
41,694994.5704124765,22.573497613212602,0,0,1,1,0,1,0.217891379626744,0,0,3,0,20.126108964681855
28,4532253.95206192,18.583708485224033,0,0,0,0,1,1,0.6618345851139982,3,0,3,0,25.927240644861694
68,2625211.3877497143,21.991579571975542,0,1,0,0,1,1,0.633711599765529,2,1,3,0,33.859409598250835
34,4166995.83731716,30.82691434133323,0,0,2,0,0,1,0.5934613827047238,3,2,2,0,17.159790059367815
25,1736238.0849469365,27.271340113034952,0,1,2,0,0,1,0.0162434432094537,2,0,3,0,11.987074680878724
52,4498511.496781763,37.638777643693444,0,0,1,0,4,0,0.7287780544506475,1,1,1,0,42.695391196251734
52,2068168.0579239829,35.9837583582457,1,1,2,1,4,1,0.3235304124854915,3,1,3,0,57.07817248023617
50,252020.72710543213,25.51998173735327,1,0,0,0,0,1,0.6650559890066311,0,2,0,0,43.522511900880616
76,4545833.486812466,23.707315535488434,0,0,1,0,2,1,0.5565784285021533,1,1,3,0,28.668650678605047
22,638176.0485734411,26.353232979679873,1,0,0,0,4,1,0.3427309254279072,0,1,2,0,33.38196041288126
59,1732705.4604339914,30.98648873532577,0,0,1,0,2,0,0.13457626710410775,2,0,0,0,41.2803668566582
56,4760297.441843864,23.897400098103276,0,1,2,0,0,1,0.09441889766048095,2,0,0,0,35.305864367110345
75,4762914.305300269,31.731275972680947,0,1,1,0,4,1,0.8315183331122236,0,2,0,0,41.184686150368
58,2952501.8629917735,27.00705634820729,0,0,1,0,1,0,0.918397542081558,0,2,2,0,30.042874603449985
45,3232818.6184150367,30.145037978743566,0,0,0,0,0,1,0.6497880467642996,1,1,1,1,35.68991741809606
24,2352538.5054959347,27.594783640976967,1,1,0,0,3,1,0.10343411486048337,0,0,3,0,38.971840404276094
26,1607411.7041507098,24.47824670992219,0,1,1,1,2,1,0.4020272168882407,3,2,0,0,33.88256490258551
25,1777589.8177755966,38.86597275316745,0,0,2,0,0,1,0.7289392001051572,3,2,0,0,27.628455014578556
29,3428088.5891697844,34.79932747151474,0,0,2,0,0,0,0.7798208840100681,0,2,0,1,27.78019692466478
51,3811397.741300864,21.082489866861955,1,0,0,0,4,0,0.1182186222910886,3,1,1,0,49.58609587849779
50,3999579.409884073,37.10629546975408,0,1,2,1,4,1,3.071884538241587e-05,0,0,1,0,46.03781531249124
65,3990167.0854138588,28.7234863614893,0,0,0,0,4,0,0.712137045880605,1,2,2,1,37.09140242374891
72,637789.2946337138,37.68014899167001,0,0,2,1,3,1,0.35659617598620563,3,0,1,1,57.3027840870565
40,2573217.462572391,35.596815630840936,0,0,1,0,4,1,0.25448133161826025,3,2,3,1,26.352629307285838
79,476282.0480798926,27.354697098323136,1,1,0,0,0,1,0.01289746978952544,0,2,2,1,57.67855303936894
41,2837738.6351539306,18.494324783042583,1,0,0,0,4,1,0.5402994067614997,3,0,2,1,46.60611033263266
54,2319346.40659221,23.910901906468816,0,0,1,1,1,1,0.8511507354259817,2,0,3,0,25.564021597904024
52,4460980.077239838,29.915952722539075,1,0,0,0,4,0,0.9576316462725879,1,0,3,0,56.33728794995265
61,1884392.0602499777,31.93652083617524,0,0,2,0,3,0,0.5657449506132892,1,1,3,0,29.094825715759427
57,761921.6788525082,23.67352907953045,1,0,2,0,1,1,0.5144613277398942,3,2,2,0,27.869582077278594
39,886360.0738536121,21.065833629602132,0,0,0,0,0,1,0.0850563854892411,3,1,2,0,16.381779814270153
44,3855251.032243867,36.368465209584585,0,0,2,0,0,1,0.5488728015425998,2,0,2,0,26.80719006991523
52,3167446.7039180533,39.656847975478144,0,0,0,0,2,1,0.3799790789653946,2,2,3,0,35.67502159268098
18,685388.8453893932,29.565184010659088,0,0,1,1,1,1,0.6071352808835769,3,1,3,0,27.495619111852925
52,603712.6693519877,21.776944288662676,0,1,0,0,2,1,0.3887263478765467,3,2,0,0,34.98902172874992
54,3564651.831003776,23.990761183426116,0,1,1,0,1,0,0.24029912345036675,2,1,1,0,32.12255580508788
64,549262.4305481289,18.40459488404427,0,0,2,0,1,1,0.0949652752283765,0,0,0,0,25.794344916332246
31,4144928.2845937097,38.11457374433098,0,1,1,0,3,1,0.31491844458889573,2,1,3,0,32.58142403219886
20,3589962.6903511817,20.590523823583105,0,0,2,0,2,1,0.09664483428775228,0,2,2,0,5.0
18,590474.1470811189,30.68336246131358,0,0,0,0,3,1,0.17689695082398393,1,2,3,0,7.7197834139014505
22,607221.0276089213,24.029214855118532,1,0,2,0,1,1,0.9873361585795459,1,2,1,0,16.20720999153883
43,4935869.976805642,30.191916055347455,0,0,0,1,0,0,0.4441035569066186,2,2,0,0,54.049705406048695
72,1996499.8196293775,32.33124854374101,0,1,0,1,1,1,0.5318717665050166,0,0,0,0,63.837424013583664
31,1979082.3059210763,36.254319681558435,0,1,1,0,3,0,0.8736185287372153,2,1,2,0,36.43031938372867
56,4101437.922836012,22.54126797873327,1,1,1,1,2,1,0.9955689004906878,2,0,0,0,68.23306729131572
44,4746793.171442522,18.24190823048657,0,0,1,0,2,1,0.5827144493446815,0,0,0,1,25.927774849354144
26,4932805.10634978,21.01148386151376,0,0,1,0,3,1,0.8124738210441717,2,0,3,0,18.100721587894917
32,3816215.28924292,37.80041012065831,1,0,2,0,2,0,0.32694102433667527,1,2,0,0,48.28171797306779
32,2006046.0105483956,37.22558170637534,1,0,2,0,4,1,0.3057439574472911,3,2,0,0,43.635293048461214
43,600803.4401536101,31.143088247746782,0,0,2,0,0,0,0.4027037209945602,3,2,0,0,31.990987280612018
59,3930305.1964516966,31.211370929540372,0,0,0,1,0,1,0.6725072626736491,2,1,2,0,43.70372340634319
77,2880340.398731864,32.63080684001762,0,0,2,0,0,0,0.6821916892550988,0,2,2,0,30.850039296738444
30,2236265.644385486,21.858168129715892,1,0,2,1,2,1,0.3152394346494508,0,1,3,0,28.862028092736434
68,4550501.048454733,38.11706281034911,0,1,2,0,2,0,0.1332099241366287,1,2,0,0,47.96053446390265
49,733747.9150695264,27.212951547625607,0,1,1,0,1,1,0.6323962564655086,0,2,2,0,23.55775740949771
56,2564600.5005961237,26.429047621488944,1,1,2,1,1,0,0.12832586218876452,0,0,2,0,65.8500845410574
66,254497.49488361154,29.416189516222424,0,0,0,0,0,1,0.5784925082293301,1,0,3,0,39.094595021665135
69,2449571.081571806,19.03325126905121,0,0,1,0,4,1,0.693422128056309,2,0,1,1,37.578580641132184
78,470255.7232728193,21.658234112633746,0,0,0,0,1,1,0.7006114963944516,3,1,0,0,40.15757234040171
49,770325.9980867453,34.23673956138015,0,1,2,0,1,0,0.7534721106595967,1,1,2,0,33.98114780164821
21,764125.9845301034,19.821570694352783,0,0,1,0,2,1,0.8728594215656645,2,2,3,0,5.0
47,3316209.450157105,31.26934640826054,0,0,0,0,4,0,0.49995899196478844,1,1,3,0,34.281389860125515
54,3781015.420474032,23.39768041298906,0,1,2,0,0,1,0.7302491895295712,2,2,3,0,11.140309233366633
40,3000170.072466366,26.564503508923483,0,0,0,1,1,1,0.6191727353658367,1,1,2,0,28.387586962511126
56,4818428.2326778015,24.351262208955397,1,0,0,0,4,1,0.18663993979768256,2,1,0,1,57.481394811608
62,1999378.7817137796,25.82479976222888,0,0,0,0,4,0,0.025689644869408168,1,1,1,0,34.64045849948855
32,1571418.0141529315,33.8190099140534,1,0,2,0,0,0,0.28454138567693377,2,0,0,1,55.21365993474707
60,4369275.815309409,24.536677743709852,0,0,2,1,4,0,0.4430337063376194,1,1,3,0,21.210077255577428
46,1273260.0248933726,30.46090208653174,1,0,0,0,4,1,0.6171059444286563,3,0,3,1,60.17438943305733
53,4823468.189314934,28.473108848380193,1,0,1,0,4,0,0.8499593305032054,3,0,1,0,53.734843156244715
30,258341.47851111845,32.600765637978256,0,0,1,0,1,0,0.19624571670616564,0,1,0,0,27.77741545778211
49,4855418.368196667,38.610254265144675,0,1,2,0,0,1,0.1255497898984771,2,2,3,0,22.865387438838166
24,407167.5773627653,34.11658613862551,1,0,2,0,4,0,0.9634799474743275,1,2,3,0,32.06045917511901
76,4477486.945750741,22.728688328996647,0,0,2,0,4,0,0.10804455937640711,2,2,0,1,32.46682045455376
68,2732965.323614239,18.686028971348264,0,0,2,0,1,0,0.47849107010718916,3,1,3,0,25.12743166787365
39,4966231.021372641,23.769808974596152,0,1,2,0,0,0,0.5855637287933019,2,2,0,0,20.00147329216971
45,554223.5107299145,31.091714475405606,1,0,1,0,2,1,0.5413744209074383,1,0,3,0,45.74678054462726
19,2858500.56512634,19.131367896653508,1,0,2,1,1,1,0.0860321570329432,2,2,0,0,26.34315778861554
59,4852652.170971675,28.9200574384272,1,1,0,1,0,0,0.05702691400361937,1,1,1,0,70.03535892618302
62,2710869.652016714,31.130542676171565,0,1,0,0,4,1,0.10548342746103567,3,2,3,0,37.41860434396421
79,3221113.46304926,25.353365597973138,1,0,1,1,0,0,0.5855876838726125,3,0,1,0,69.35513474439212
74,3539593.7071261625,34.96006848240808,0,1,0,0,0,0,0.5443448876343211,3,1,3,1,58.78310166353077
70,2381797.1108853114,20.34516156894298,0,0,1,0,0,0,0.23374079203674425,0,2,3,0,23.154686737043466
23,3212278.7844035043,19.653031198187794,0,0,1,0,2,0,0.6377741418455916,3,1,2,0,24.1987948198922
45,3004708.697230881,34.020152636479274,0,0,0,0,0,1,0.8200675020556494,2,1,0,0,39.70175145052337
45,4525558.450356747,28.900808956536366,0,0,2,0,2,1,0.041578959846593766,0,1,1,0,13.309600207285184
61,418142.62563899776,33.14485272141019,0,1,0,1,4,1,0.4981299435480424,3,2,1,0,55.31669239486325
61,1548623.3100427056,27.566201449282417,0,0,0,0,2,1,0.6893104121026903,2,1,1,0,33.25848420016213
37,4761975.1235674815,23.42084473126035,0,0,1,1,4,1,0.2523119270696871,2,2,0,0,31.15847884648872
47,4473266.162676399,36.020250988832395,0,1,0,0,4,1,0.3077709052931491,2,0,2,0,44.91643472911037
79,2387152.4133714223,35.58714933731754,0,1,1,0,2,0,0.6136379029893838,1,2,1,1,49.972535650249924
28,3176636.469447376,33.28332235879739,0,0,2,0,1,0,0.8979352934437369,0,0,0,0,29.915161834367574
75,1531429.678309437,23.98719301905918,0,0,2,0,3,1,0.8099244203028994,2,2,3,0,8.538328835052031
72,1102981.5666740541,30.985074671119918,0,0,2,0,0,1,0.5831302190995835,1,1,1,1,31.91237475031077
45,2425752.3437119145,25.94142573268059,0,1,0,0,3,0,0.7302217177572492,3,2,1,1,39.31034857278332
42,1896090.6945250535,20.014805613185953,0,1,1,0,0,1,0.3648224702077987,2,1,2,0,24.48188928309073
56,3001549.336884186,38.18089866016934,0,1,2,0,0,1,0.6409655280987577,1,0,1,0,39.63199000712241
79,573126.2574319271,21.01000988021715,0,0,1,0,4,1,0.46618159112755697,2,2,1,0,24.1819981109282
50,4877095.076797599,38.90522178405765,0,0,1,0,0,1,0.1899361364575609,0,1,3,1,38.313920903654775
18,4933811.573502094,27.812127005075027,1,0,2,0,0,1,0.7017382738772572,0,0,0,1,36.72070658774742
74,3551176.2272947766,22.072924434449632,0,0,2,0,2,0,0.556464637348822,3,0,0,0,42.658548735611845
44,2773262.558451778,29.92182084232388,0,0,1,0,3,1,0.3586215819535914,2,2,2,0,17.939035405254806
79,1685732.558174373,37.204808389280984,0,1,2,0,2,1,0.9113391900786307,1,0,3,0,43.12796621745368
74,4106216.0945933536,34.10894750101035,0,0,1,1,0,1,0.020934117826733267,3,1,0,0,54.98887470932928
69,3486709.6282586204,35.744345252951895,0,0,1,0,4,1,0.315773151249496,2,0,3,0,46.58343393403533
30,980561.3088554782,32.49323406763578,0,1,2,1,2,0,0.05688139777764656,3,0,0,0,48.12140816047702
58,4572450.485570444,33.23008441939275,0,0,0,0,2,0,0.7665273162216272,1,1,3,1,40.61102572838979
20,4148178.7660312112,36.68230433443702,0,1,2,1,1,0,0.7021074541137926,3,0,2,0,49.41137731227138
56,4759039.583801235,23.49269619490209,0,0,0,1,0,1,0.33135221873631704,3,0,1,0,42.28075424605965
23,3683453.640264128,28.76734920014909,1,0,1,0,4,0,0.675662902207073,3,0,2,0,46.55933580686992
25,3144392.9404917913,22.866607720031247,1,0,1,0,2,0,0.39593722619594984,2,0,0,0,49.543836825676124
44,2207566.5741949705,39.72869617592623,0,0,0,0,2,0,0.7562537914224343,1,1,2,0,41.57106792431571
26,4677096.720099264,38.76930547310549,1,1,1,0,4,1,0.4541836627367061,0,0,1,0,57.68501635366121
79,4357106.66960196,18.86738985010713,0,0,0,0,0,1,0.41227972783166555,2,1,2,0,40.682202840580054
54,417049.61650970916,33.52265379534515,0,0,0,0,1,1,0.934729915488301,0,0,0,1,50.11245674976679
50,326561.4775868096,38.35546298314465,0,0,1,0,2,0,0.25087909989070023,0,0,0,0,48.16628785851282
68,2007024.1610146381,21.972657592801337,0,0,0,0,1,1,0.12044733999656543,2,0,2,0,33.50271475266946
59,4090655.987752798,30.49479507215785,1,1,2,0,3,1,0.5845431132594582,2,0,1,0,52.87648096149007
61,4938925.420711733,38.14074254693692,0,0,2,0,0,0,0.9693218122841789,1,1,2,0,33.116147363381074
41,922001.0772969353,18.746811528887573,1,1,1,1,3,0,0.37783921372718665,1,1,1,0,61.33849583986271
32,3051827.4336902485,33.34324587943048,0,1,1,0,3,0,0.06203676362878152,3,1,3,0,39.87377923679657
76,2028276.1118289032,24.541678162196117,1,0,0,0,3,1,0.33930526730956745,0,2,1,0,43.171542089837686
71,4855589.109510096,38.33671629828367,0,1,0,0,0,0,0.5059316543195584,1,0,3,0,58.65480755025296
49,4242170.831051402,39.36328139363809,0,0,0,0,0,1,0.1619230066322137,3,0,2,0,48.38124366639095
49,4223977.782613462,38.77386276049555,0,0,0,1,4,1,0.658102218056492,1,1,1,0,54.966297157890956
41,2449727.1670158575,28.432712766464203,0,0,2,1,1,1,0.9977493890102006,2,2,3,1,22.950460112962443
58,2191133.611220793,36.96493832176489,0,1,2,1,1,1,0.4517394759814438,1,0,3,1,48.66665094319647
69,1512353.94526739,36.58008676777155,0,1,1,0,4,1,0.35472855673021264,0,1,3,0,36.429361712143134
66,470602.38392445014,25.020210411351623,1,0,0,0,4,0,0.40070416683446664,1,0,0,0,62.187723874125254
79,4350667.406024255,36.2361404313149,0,1,0,0,3,1,0.11514617839520114,0,0,2,1,55.79063823372741
66,4101924.843824372,18.814167963740836,0,0,1,0,4,0,0.8832736014262238,2,1,3,0,27.682739780519363
75,4998644.831773426,31.117937326605166,0,0,0,1,2,1,0.414825655521352,0,1,1,0,46.53764047409294
69,4983856.817954746,23.060194420329466,0,0,0,0,1,1,0.3872744114248413,1,0,3,1,32.210032480519416
29,2866072.186892612,20.652471487100133,0,1,0,0,4,1,0.6596902729304743,3,0,0,0,32.80903690547272
79,3891139.5928664505,19.6929704358426,0,0,0,0,2,1,0.4420334209311235,2,1,2,1,39.75678101098921
56,4734875.503435655,33.31835306931907,0,0,0,0,2,1,0.648233468807846,1,0,0,1,48.95230504869902
19,4278307.475251575,25.477249202897454,0,0,1,0,2,1,0.061446290130787506,2,0,0,0,28.422382465342654
20,1387270.8883673488,33.94486897363275,0,0,0,0,2,1,0.8137233437222274,2,1,0,1,32.604463414848865
66,2362611.849488449,19.437839497576732,0,0,1,0,3,1,0.9405039528794026,1,0,1,0,32.30119276893196
54,819965.1927271759,24.936387432273428,0,0,0,0,2,1,0.648765386159386,1,0,2,0,27.86941412789344
66,4779444.930841868,29.868808432257417,0,1,2,0,3,0,0.9545659288588108,3,2,2,0,43.04160371201513
73,3109638.245364224,35.3959096264572,0,0,2,0,3,1,0.1514323143699633,2,1,1,0,39.5709792199945
34,1297485.466416621,25.012555064505538,0,0,2,0,2,0,0.4774161894803537,2,2,2,0,12.51382040394698
76,3424163.285148112,31.7696102816142,0,0,2,1,1,0,0.6018067339454473,1,2,0,0,43.60312259804175
66,3167015.5541979,37.491510461196114,1,1,1,0,2,0,0.5817366474211867,0,2,2,0,57.97732833477285
19,1919181.0465576344,31.5489901400107,0,1,1,0,2,0,0.40146177908904324,1,0,1,0,35.80435933857656
19,745076.4425582193,23.125108444579944,1,0,0,0,2,1,0.3380844093662614,2,0,0,0,38.170789563452956
45,3423551.338845438,18.536817194243838,0,1,2,0,1,0,0.1268240225504188,1,2,1,0,16.154863645660114
71,2697476.9643382076,37.14217522582046,0,0,1,1,0,0,0.3917424505622782,3,2,3,1,56.92036401830253
40,3907128.2803310687,18.467927038708517,0,0,0,0,0,1,0.16266081510548513,0,2,0,1,16.95150344382374
54,2696784.8053375683,37.24343679905239,1,0,0,0,3,1,0.7343656764922184,1,0,0,0,65.61382992569952
49,4290471.2015289925,29.636616948598665,0,0,1,0,3,1,0.20883093549458998,3,2,2,1,23.067434373282566
50,2849152.8261175305,38.65948936728371,1,0,2,0,1,0,0.05856530528453385,2,2,0,0,54.781504471181805
18,2892502.263369854,35.57323118702064,1,1,0,0,4,0,0.5523661378172343,1,1,1,0,58.82605863378215
36,4407937.292760056,39.95455043173342,0,1,2,0,0,1,0.5952297327194016,2,1,2,0,38.6836816819368
79,2136717.757819506,25.715659939937623,0,1,2,0,3,1,0.8719130612805055,3,0,3,0,38.42932628685603
19,843273.0965630756,34.87814235648479,0,0,2,0,0,1,0.5769816124176819,2,1,1,1,20.87795795114646
70,338156.8463040271,26.84248009940333,0,0,0,0,1,1,0.3454808537234457,3,1,3,0,30.347128372776933
61,3824658.8272333713,28.557263646685996,1,1,2,1,1,0,0.8030118815263205,3,1,3,0,74.77891686487101
43,3177485.8464966305,31.805120190804143,1,0,0,0,4,1,0.5402788931874211,3,0,3,0,51.066085485223525
49,3579582.886876273,37.22089651209946,0,0,2,0,4,1,0.07928028463119174,1,1,0,0,29.836232630535733
23,1222227.9752427717,39.64983632238449,0,0,0,0,1,1,0.5658505603132467,2,0,1,0,38.61660053589562
49,854583.0828164949,34.9020151050194,1,1,2,0,3,0,0.9080185454216624,2,2,1,0,53.60585846078596
72,269814.39520583325,27.190869207681345,0,0,1,0,0,1,0.39631262549822055,0,1,0,0,29.65809359806378
21,1882820.2822716655,27.269854050095546,1,0,2,0,2,0,0.29632580189980007,0,0,2,0,31.08634436733518
72,3031604.896902239,34.22681063495561,0,1,2,0,4,1,0.14346945701802005,0,1,3,0,31.586466547040477
28,2082771.4164787151,23.253097206902652,0,0,0,0,2,1,0.15144552193535732,0,2,1,0,13.28636855082734
73,2299879.6257138997,20.430430488890682,0,0,0,0,3,1,0.4327714843418189,2,0,0,0,38.078054010915224
76,4539961.733569993,25.801687468097086,0,0,2,0,4,1,0.5956798241615295,3,0,3,0,28.239349046341022
34,1871626.2417118417,24.319257816389797,0,0,1,0,2,1,0.08061540516960175,3,0,2,0,21.684187799522736
55,2667149.5479670917,24.518778650031784,0,1,1,0,3,0,0.9395685890251657,1,2,2,0,28.486326682199703
41,3961534.461157487,23.13937052309802,0,0,0,1,0,0,0.7551336174451959,3,2,3,0,23.44218378509937
22,2103405.355142097,18.92605017199996,0,0,1,0,3,0,0.5866239182836627,2,2,2,0,13.227376974765914
69,3186016.161093793,18.393226564135105,1,1,2,0,4,1,0.8284386709389908,2,0,1,1,47.757614736391936
51,4339345.801984377,39.72989257419269,0,1,0,0,1,0,0.08018675681211329,2,2,1,0,52.2735875111249
23,4757698.993556682,27.41100894218897,0,1,2,0,0,1,0.4768388777331244,1,1,1,0,19.424955901639073
39,905952.7084593821,26.455186237512997,0,0,0,0,2,1,0.6300931268616634,0,2,2,1,23.629340091425064
28,4647620.600775173,32.952240219247535,0,0,0,0,4,1,0.8286529061182892,3,0,1,0,38.28052851948506
65,2562158.206781783,22.801585533031414,0,1,0,0,1,1,0.7834695600492677,2,1,0,0,44.20156294117196
33,1439573.0638350002,38.89914604690496,0,1,0,0,3,0,0.27706924971339963,2,2,1,0,45.38295540795611
50,2403851.6299436544,35.29959031714215,0,0,1,0,1,1,0.9408801695592043,0,1,1,0,29.322837300870724
26,4904156.36137029,19.967042050869708,0,0,2,0,4,1,0.12434584143087035,2,1,2,0,18.571032650094907
77,2564566.8511657743,27.186777067268423,0,0,2,0,4,0,0.8751336186211521,3,0,1,1,47.03277372818295
76,1778007.7293800395,37.340602766367624,0,1,2,1,1,1,0.9709402496046186,1,1,3,0,41.91678791377957
23,3240324.1007202836,38.784104490411025,1,0,0,0,3,1,0.17715352322262556,2,1,0,0,50.50226970236126
33,1352698.9701353267,28.282833247497134,0,0,1,0,1,1,0.7220660642037853,3,0,2,1,26.97912210074226
46,564143.9749215868,31.49505056263557,0,0,2,0,4,0,0.040285518777998464,2,0,0,1,45.36153470039734
20,818622.6651711162,21.674746814025653,0,1,1,0,4,0,0.40542282513915495,0,0,3,0,19.19495661611507
37,814620.0269973077,39.80570977501348,0,1,0,0,2,1,0.516283299197674,2,1,2,0,35.97077244057104
77,929132.9288590129,23.096777430435754,0,0,2,0,2,1,0.5806452259096341,2,1,2,1,26.39082630724037
76,866370.4287171686,38.740099030972765,0,1,1,0,0,1,0.9359372482485595,1,1,1,0,51.27851263617311
53,3276198.77505543,32.29222627783211,1,1,0,0,4,0,0.6722506872941947,0,0,0,0,59.9880020155366
36,1073024.4051158952,31.3702094873349,0,0,1,1,2,1,0.481277951219237,0,2,3,1,24.540915993002642
43,1859202.9599545433,29.279147242363187,0,0,2,0,1,1,0.8096750362658893,1,1,3,0,8.98150466047053
20,4504584.367548857,23.074735857790692,0,0,2,0,3,1,0.9505328209544089,2,2,2,0,5.0
36,2475015.8732617875,21.88361670412118,0,1,0,0,1,1,0.022066148682290843,3,0,1,0,42.218030320661605
37,3404277.1449009306,22.85069659954386,0,0,0,0,3,1,0.9825212722560387,0,1,2,0,12.86959119686029
49,1027135.3817678232,22.1016417671736,0,0,0,0,2,0,0.08613213906368034,0,2,2,0,19.030861058174878
24,1122987.2902816199,35.15085841846857,0,1,1,1,0,1,0.8143867792687614,2,1,2,0,35.65869855789557
69,396169.3580790985,25.70275570166806,1,0,1,0,1,1,0.2803347525514125,2,1,2,0,44.55226184569889
58,1010888.3027463899,19.27253888439472,0,1,1,0,1,0,0.13217965775387175,0,1,3,0,33.46524242822349
50,1537233.6273534014,39.32025786309785,0,0,0,0,1,0,0.4398556397138349,2,2,3,0,35.399561954773695
57,1049650.3245283847,37.44328946919536,0,0,2,0,3,1,0.6439565794476135,3,0,2,0,36.804733305240056
56,625772.1620338669,38.41055023029469,0,1,2,0,2,1,0.380951845023475,0,1,2,0,35.376107792459216
35,779052.1812828839,39.88797209822158,0,1,1,0,1,1,0.05456540828269896,3,0,1,0,44.89039952922788
57,2411738.0865570838,21.82569548282872,0,0,1,0,1,0,0.5994611396587166,3,0,2,0,31.808454381685575
18,1190401.848347804,26.717324415858492,0,1,2,0,0,1,0.9024032761106747,2,2,3,0,8.838788526028418
28,1948495.3330307622,34.681246465490005,1,1,2,0,0,0,0.3832153659472517,3,2,0,0,49.99467581176204
45,2616402.900103313,33.31245359718343,0,0,1,0,2,0,0.21633277763082703,2,0,3,1,37.12037428169939
74,3513895.1774209533,21.38570993947681,0,1,1,0,2,1,0.4425773459328154,1,1,1,0,32.47458429232286
42,388698.27123727486,35.94832874979359,1,0,2,0,4,1,0.04836271104878087,2,2,3,0,36.322767775214956
67,4037169.9147634045,22.937692580406534,0,0,0,0,0,1,0.8204875844802748,3,1,0,1,43.07260685849297
40,3213921.869556357,22.923987526097708,0,0,1,0,4,1,0.8263408109501867,1,1,2,0,17.346243072427516
48,592443.3533545851,29.8134373036551,0,1,2,0,3,1,0.5880004634296284,2,1,0,0,39.92634197223547
47,4393177.39571253,31.04467856651747,0,1,2,1,4,0,0.3531028889383895,3,0,2,0,35.719708552404114
59,4620187.5225527035,30.761896572431844,0,0,2,0,1,0,0.7997833644457834,0,1,2,0,24.944710530096447
52,493174.207303346,20.012710422750608,1,0,2,0,4,1,0.5546870247883672,0,0,3,1,29.14225571103123
24,1529012.711106578,37.30413897786837,0,0,0,0,2,0,0.8259323085500162,2,0,3,0,36.42348677083842
77,4069766.1430066945,23.843200936951533,0,0,2,0,3,1,0.6314587925830206,2,1,3,0,23.623469322776312
33,3791646.51384156,20.84932826822169,0,1,1,0,1,1,0.7844054732127973,0,1,1,0,24.69117008856951
43,1085700.8929106111,37.552457757117494,0,1,0,0,4,1,0.59856299321776,3,1,3,0,47.941807615814625
65,1204876.7520162095,39.024332961054576,0,0,2,1,3,0,0.4141410682156662,3,1,1,0,59.27036961266718
74,1978266.0933986334,36.96680757983991,0,1,0,0,3,0,0.9579458599261376,3,0,3,0,59.86442880932618
69,2525710.328916902,35.80935364394732,1,0,1,0,1,0,0.5411138248788447,2,1,2,0,67.26534547156544
77,3167622.9033454205,32.415323574058476,0,1,2,0,4,1,0.6050895185405384,1,1,1,0,45.38578746729355
66,1970785.4699349075,30.118862153401064,0,1,1,0,3,1,0.22048763941474925,1,0,0,1,49.497836402247316
19,2420166.63743911,19.913708718051023,0,0,2,0,3,1,0.6256507894272765,1,2,1,1,11.408946406270253
18,3787860.5030420315,26.985970687555373,0,0,2,0,0,1,0.5716076494829438,1,2,1,0,5.0
65,376079.3738748699,26.199147374270908,0,1,2,0,3,0,0.18483839794702495,1,0,0,0,45.57990691132861
79,1411697.3328512996,23.714583242727176,0,0,2,1,0,0,0.059587097353143714,2,2,1,0,35.053347050545774
29,3624078.0122458516,33.91524250114887,1,0,2,0,4,0,0.6043593197147711,2,0,2,0,43.9602090746059
22,4496992.820898557,28.90926617173296,0,0,0,0,4,1,0.7636922693503205,1,1,3,1,15.811153684993087
54,2656051.7221551975,19.783016749968255,0,0,2,0,4,1,0.5234013709220082,2,1,0,0,21.5054838670494
49,2754144.7292735153,22.84403044289585,1,0,2,0,2,1,0.2267726253196457,2,2,3,0,26.037552777313213
76,714425.654430925,33.03169280051111,1,1,0,0,4,1,0.6665219766930349,1,1,2,1,64.65462071510952
72,2347579.360752582,19.674878908786603,0,1,0,0,3,1,0.08010572660960225,3,2,0,0,40.59956616401737
26,2756562.8789841114,36.72655210907291,0,0,0,0,1,0,0.4418337048019546,2,2,3,1,31.765665293204435
58,1363858.4174467025,28.893223594307436,0,1,0,0,0,0,0.1633667583984202,3,1,3,1,41.763966127846885
52,1492367.5085570286,28.572904701186257,1,0,0,0,2,1,0.18445905105988336,2,1,2,0,52.03102428763784
36,2010963.9829021888,31.032971262509385,1,1,0,0,4,1,0.20229394915820365,2,2,3,0,49.8871799274344
65,296341.74933308654,36.14298125035328,0,1,2,0,4,1,0.3867070570439779,1,1,2,1,44.99730821359317
33,1745979.9947992559,25.651802573848247,1,0,2,0,1,1,0.051150205620397626,2,0,1,1,39.3455399261319
20,1214950.4335834142,32.9163553562994,0,1,1,0,1,0,0.3977934409290982,0,1,2,0,27.410095205991787
37,1771987.2904539902,30.446103207907406,0,0,2,0,2,1,0.5117074471147008,0,1,1,1,16.38263042653149
41,774858.2327324059,23.87462194372727,0,0,2,0,0,1,0.4832942849663252,1,0,0,0,21.95853158096535
71,4474530.947551495,37.329859699813476,1,1,0,0,4,1,0.38278410040304056,3,1,3,0,69.77435846451864
73,3049243.7770594335,35.54337247535241,0,0,0,1,2,0,0.8391466080707525,3,1,2,1,74.92783655652562
50,3459691.13189355,32.48594036248536,1,0,2,0,3,1,0.1453266924205041,3,2,2,0,44.33153788304541
41,3988021.9453152237,36.712798040073324,1,0,1,0,3,1,0.505696743781374,0,1,3,1,47.6163373543714
69,2592522.5548594748,37.08047242111565,0,1,0,0,2,1,0.062041416956554296,3,1,3,0,50.030129661365486
28,617217.3828196337,33.583985487730764,0,0,2,0,4,0,0.07115567887790974,3,0,0,0,39.70600873358581
66,2778111.4007290294,36.41429322400079,0,0,2,0,2,0,0.5738658496770963,1,2,0,0,34.83419718727885
25,3016837.36650022,33.34437215672424,0,1,1,0,4,1,0.566018424887821,3,2,2,0,31.071797836125214
53,3778109.476084784,32.96309697872661,0,1,1,0,1,0,0.878033512844457,0,2,0,0,35.107142373522734
55,2271965.8219024613,31.609450320734055,0,0,0,0,2,0,0.5578736756600732,0,1,1,0,36.18524495602194
57,812385.4534187061,34.55976607026811,1,0,1,0,4,0,0.9597910204048502,0,2,0,0,47.21900128670389
37,1562124.3478338774,21.48931231644762,0,0,2,0,2,0,0.04869484839992977,1,0,0,0,26.55630489219637
79,1942795.0227134484,37.37915670237643,0,0,2,0,2,0,0.09800768478074107,1,2,2,0,38.554704147904474
52,3300402.758391686,37.180557610395105,0,0,1,0,4,1,0.04406586157038139,2,0,1,1,43.97073703341003
65,2939735.8624107772,18.6434402267603,0,1,1,0,4,0,0.18527685033354002,3,2,0,0,35.78344483609673
79,1909264.284309662,36.16796851242478,0,1,1,0,0,1,0.5412701109416781,1,2,1,0,50.61645112171
42,4935273.194206303,20.835137084415795,0,0,1,0,2,0,0.645572181427428,0,0,1,0,25.06558424958732
52,3107719.132913058,25.37261479370112,1,0,0,0,3,1,0.0455851579486688,0,2,1,0,35.97795625435904
42,1338688.6003327735,34.35718163841537,0,1,1,1,2,0,0.9459708898455993,1,2,3,0,46.51634982057054
46,688555.868577938,21.53671771306278,1,0,0,0,2,0,0.842165376650381,1,2,3,0,35.17174832343315
35,933723.8680847937,35.99527453061937,1,1,2,1,4,1,0.2966124821570931,1,1,3,0,55.248797722558386
63,1380597.096245639,36.30695191507032,0,0,1,0,2,0,0.07718753022646796,2,0,3,0,38.864380042042086
35,971270.5916458672,29.164290142738395,1,0,0,1,2,1,0.16988707321905727,0,2,2,1,46.07736325045818
19,1095521.7154462677,18.140489177770338,0,1,1,0,3,0,0.12694441375497267,2,0,0,0,33.70916490152955
71,1568456.809730466,24.31483892984808,1,0,2,0,4,1,0.12328377929894685,2,0,3,0,40.068652201583895
52,1032193.2574148232,31.57239220426633,0,1,2,0,2,1,0.5185616886657339,3,0,2,0,36.4619227311718
33,4504474.038206841,39.58609591660331,1,0,2,0,1,0,0.2458474424934003,0,2,0,0,46.247975715827955
78,585121.9791758826,31.899897594366706,1,0,1,0,0,1,0.35813971652914445,0,2,3,0,37.28869250564168
58,2717654.6699372223,23.715678783411516,1,1,1,0,3,0,0.9895053333843224,1,0,0,0,65.26230553745884
53,2169904.769550375,31.94812546819145,1,0,0,0,2,1,0.6843142489253448,1,1,3,0,45.32643705233346
50,4915417.361161311,29.879678353748822,0,1,2,0,1,1,0.9489806670470013,3,0,2,0,34.01166384662794
21,737786.7304066513,35.15659869332516,0,0,1,1,2,1,0.1425565550331156,2,1,1,0,37.29574839851949
50,2109706.87541956,20.353574054193086,0,0,2,1,2,1,0.38213947483256927,1,0,1,0,29.23503281724557
31,4853458.07972177,34.74261385504462,0,1,2,1,4,1,0.5547318032823543,1,0,0,0,40.156771558300676
38,4354434.204291105,29.907864730874426,0,0,0,0,4,1,0.07675806188873802,0,0,2,0,31.928497524856393
65,4121945.9405565434,39.18582408489788,0,0,0,0,4,1,0.004187443627957865,0,2,1,0,43.57770560197693
37,1437933.5698157111,25.521187652851093,1,0,0,0,1,1,0.6704343337969175,1,1,3,0,35.52051978480223
73,1020260.4194723159,31.91768164894686,0,0,0,0,2,0,0.6418195168014353,0,1,1,0,44.90355719307979
25,3409487.4556372687,38.504618321220384,1,0,2,0,0,0,0.41078880999961176,3,0,0,0,65.4345913624927
24,4661004.747812412,20.255214015794945,0,1,0,0,3,1,0.48964407603203264,1,2,0,0,20.279751122987406
20,2872461.886466863,38.619026719201926,1,1,0,0,4,0,0.4154430005920896,0,2,2,0,55.00385537651329
34,2943740.909455519,33.13348589061789,1,1,0,0,4,1,0.024005044844888856,3,1,0,0,59.84566510234076
50,1543899.649569364,19.49241530031378,0,1,0,1,2,0,0.3353716062174624,0,2,1,0,31.254776774639986
65,3893566.0793212974,24.62119847282996,0,1,2,0,2,0,0.17708225539728983,0,1,1,0,21.649061900548478
29,1097809.9930761121,33.5797859501962,1,1,0,1,1,0,0.09842418910136874,0,1,1,0,60.93719764032858
76,1753660.3347403696,19.481713232312977,0,0,2,0,1,1,0.9567204338893498,1,1,1,0,21.166227335950815
68,2242094.9053588007,30.807750123878012,0,1,1,0,4,0,0.5993597250421656,2,2,2,1,52.06109914609707
39,2636529.8176853843,25.609427252965048,0,1,2,0,2,1,0.7286562842366027,0,1,3,0,14.224866440782419
72,1363566.715592385,31.660141390884498,0,0,2,0,0,0,0.3153637432661175,3,1,3,0,36.74554175249908
39,751216.758748177,19.006324743875282,0,0,0,0,3,1,0.3931471294940152,1,0,2,1,25.15168597499858
63,3130976.2037198367,37.17380973535228,0,0,1,0,2,0,0.23692399389672347,1,1,0,1,51.753880360500524
47,1585426.6555532278,39.416757321902736,0,0,1,0,2,0,0.09696567096542474,3,1,3,0,49.62472072526814
55,2989943.462828539,39.315312816285214,0,1,1,0,1,0,0.1790316374415838,0,0,0,0,50.820704684432
55,940941.0333161711,34.492340298344345,1,0,1,0,3,1,0.7975140452964858,2,0,3,0,53.715763547482474
62,2509472.488903124,20.861897282873905,0,0,2,1,4,0,0.6775458051837758,0,2,0,0,36.045183067641055
68,2756429.276247612,34.6817903104385,1,1,1,0,2,1,0.5469288759854769,3,1,2,0,66.88192071441516
71,448752.97674764914,18.540912162093633,0,0,2,0,4,0,0.47508987286676807,1,2,1,0,30.50615845570093
25,1815700.5353308187,18.48671813363794,0,0,2,0,2,1,0.9224342836561245,2,2,0,0,10.351461026108515
44,845190.4493070764,25.119424821289908,0,0,2,0,4,1,0.0727349477786684,1,0,1,1,24.757121886296286
44,504199.8582692852,28.750150188902644,0,1,1,0,3,1,0.28060081323791597,3,2,0,1,37.13927777384467
51,4951809.115471737,34.948963191771455,0,1,0,0,1,1,0.34993785357071405,0,1,0,0,47.372138066684066
38,1747298.4558786703,33.03249828534312,0,0,0,1,3,1,0.7824258122127878,2,0,0,0,45.37817229319805
47,4087397.3401022474,27.809859540288464,0,1,1,0,0,1,0.9925146201619713,1,1,0,0,35.64122508412089
50,1422275.1428660664,24.01978665819665,0,0,0,1,1,1,0.24067051475715306,1,1,0,1,42.176993251068225
45,3471213.0666748607,39.93673900346965,0,1,0,1,3,0,0.8743073341370806,1,0,1,0,65.67472426918177
64,3849093.7274704953,27.375988649191406,0,1,2,0,0,0,0.8306227604317913,0,1,0,0,42.036752930293105
50,3059065.9549176525,27.93051453525286,0,1,2,0,2,1,0.22465739764176662,2,0,1,0,30.455075845884338
22,2463565.7050407603,21.599724066216723,1,0,1,1,2,1,0.3993325801992226,0,1,2,0,38.43128813848173
77,2176836.387906889,35.485810072498445,0,1,1,0,4,1,0.4096728692925191,0,0,3,0,48.91208647539716
78,1874567.6794063775,33.26100896719275,0,1,0,0,1,1,0.9782206685265583,0,2,0,0,50.735388298973156
65,4661739.892389564,22.856931481352728,1,0,2,1,2,0,0.18089190137889832,3,1,3,0,45.63960131705368
36,4186973.1573810996,19.81238300354854,0,1,1,0,1,0,0.799157971104782,3,0,1,0,37.236313189372616
21,4832129.17119926,32.97098464564369,0,0,1,0,2,1,0.3341927141731099,3,1,2,0,30.69907877929843
52,796626.6727306147,32.399246714184976,1,1,1,0,4,1,0.7308703457761604,2,1,2,0,46.20488191827515
66,3708163.8809774923,24.011709593960603,0,0,1,0,3,1,0.42001100429566285,0,1,2,1,24.049366022815192
34,4704034.1927409815,38.918998369509026,0,1,1,0,4,0,0.57835976311654,0,0,3,1,48.552032122083624
61,1069918.7175951689,21.323273619179805,0,0,1,0,0,0,0.8326117733261311,3,2,1,1,32.83871760084944
45,519182.08336053195,27.51136562293724,0,0,0,0,2,1,0.8041655649838841,0,2,0,1,31.75319001542018
47,3757379.1165922834,38.75955024368717,0,0,2,0,0,1,0.8664231835397002,0,2,0,0,34.2482244068211
46,2957470.9432635773,27.23400097237469,0,0,2,0,0,0,0.05961732534465902,1,0,1,0,27.408826299444833
63,4240778.128439706,32.04757084860988,0,0,1,0,1,0,0.6920505530397448,0,2,3,0,28.393047101754014
70,870907.4078061896,26.747076755181475,0,0,2,0,2,1,0.13998737672176287,1,0,0,1,35.46397584053857
23,4017283.096927473,24.03273445167074,1,0,2,0,0,1,0.415818568018411,0,1,1,0,25.091223527881265
52,1167811.1362291737,39.64750825511622,1,0,2,0,3,1,0.5485884150546885,2,1,0,0,65.58741964572454
77,985548.5257553817,27.005348138930948,0,0,1,0,0,1,0.40273948474683074,3,2,2,1,32.25062379599455
58,988475.8300687661,37.67018248094096,0,1,1,0,3,1,0.5196116758030075,1,0,0,0,50.19160282534683
54,4109958.6571106343,23.059001329603895,0,0,2,1,1,1,0.9965263087986191,3,1,3,0,27.367016916079052
41,3392946.6593417604,22.68830348855183,0,1,2,0,0,1,0.13521731371285473,1,0,1,0,19.928310671032825
46,2710714.0388917727,18.68494982345925,0,1,1,0,4,1,0.6754560453364256,1,0,3,0,21.341114170939036
66,1922386.323792812,32.33667015826947,0,1,0,0,1,0,0.3960009663856152,1,1,1,0,48.17062301411287
63,4410562.59590292,26.107579561922744,1,0,2,0,3,1,0.13300979890732878,2,0,2,0,41.20559738447513
70,2083736.5156286499,37.01588149647202,0,1,0,0,1,1,0.15873676337430953,0,1,1,0,49.570259936286185
48,4119677.30946357,28.410617947214256,0,0,2,0,0,1,0.9492731062456169,1,1,0,1,29.289139895319135
52,2307847.5611370485,39.30025541412388,0,0,0,0,2,1,0.879601496711762,2,1,0,0,47.39085995591395
77,2009333.2612395564,22.081561345468664,0,0,0,0,2,0,0.9070419604150218,1,0,2,0,43.05785387694075
50,2420862.971214111,37.10970969502344,1,1,0,0,3,1,0.9915327758273865,0,1,1,0,65.98837445339525
69,1646613.795987882,35.08513076141832,0,0,1,0,3,1,0.20831539000851795,1,0,2,0,37.18811211636982
78,3788525.0248460053,34.96028058216915,1,0,0,0,2,0,0.35543933736406175,2,1,0,0,77.72316077339678
38,2613057.8724439,36.58523101857153,0,1,0,0,3,1,0.6692190299248667,0,1,3,0,38.03595115411898
49,1314620.9367047232,34.742527800745975,0,1,0,0,1,0,0.48380253986064725,2,2,2,0,36.34728761437174
40,4517957.951717929,31.77684707589114,0,0,2,0,4,1,0.4183895333783335,0,2,3,0,10.30614030256524
50,2042677.8625914147,20.887387309012528,0,0,0,0,4,1,0.35781124933559305,0,2,3,0,11.974367566796346
20,2809053.7333471454,18.71557594880754,0,1,2,0,1,1,0.5937806319434522,3,0,1,0,26.21225992132977
35,4551066.132629826,38.25865265194511,1,0,0,0,4,1,0.575593428640082,3,0,2,0,58.34395844123988
42,3196342.380387162,31.56630691945624,0,0,0,0,0,0,0.16145783406424008,3,1,3,0,29.121635682104806
59,761110.5954001475,35.52382040147588,0,0,1,0,1,0,0.47173983751843906,0,1,3,0,33.20931721509575
48,4711194.193344681,28.593491733276103,0,1,2,0,3,1,0.5534717762098499,1,1,1,1,26.124300863534852
71,3212998.6547428058,20.58078015717268,0,1,0,0,1,1,0.5702869387313905,2,1,1,0,43.69834105815155
75,1807546.9503540134,20.75408742845611,0,1,2,1,2,0,0.2101071929123518,2,0,0,0,48.26555000447285
20,868505.9487842588,33.08243631903737,1,1,2,0,3,0,0.7422713922522868,2,1,3,0,41.628897786091734
57,4011320.9084974206,27.46672968778818,1,0,1,0,2,1,0.025199094821069634,3,1,0,0,57.24331733400248
63,3176349.228456865,22.411543987407406,1,0,1,0,3,1,0.35483185554316266,0,2,3,0,35.29411448885654
41,2760613.241486343,28.815080028311613,0,0,1,0,4,1,0.7802126485356335,3,1,0,0,31.789452847129727
67,4490684.398644596,19.41259661565295,0,0,1,0,1,0,0.5638929210554023,1,1,1,0,30.589689149790903
49,3985266.6138777477,30.803370842116774,0,0,1,0,0,1,0.26116243251086024,0,1,2,0,24.19563083538448
64,928039.4227172056,23.91785489757215,0,1,1,0,3,1,0.6949531193430477,2,0,1,0,39.95593581090022
